2019-03-20,16376,16376,,test_general,,post-commissioning work,March2019Commissioning
2019-03-20,16377,16377,,test_general,,post-commissioning work,March2019Commissioning
2019-03-20,16378,16378,,test_general,,post-commissioning work,March2019Commissioning
2019-03-20,16379,16379,,test_general,,post-commissioning work,March2019Commissioning
2019-03-20,16380,16380,,test_general,,post-commissioning work,March2019Commissioning
2019-03-20,16381,16381,,test_general,,post-commissioning work,March2019Commissioning
2019-03-20,16382,16382,,test_general,,post-commissioning work,March2019Commissioning
2019-03-20,16383,16383,,test_general,,post-commissioning work,March2019Commissioning
2019-03-20,16384,16384,,test_general,,post-commissioning work,March2019Commissioning
2019-03-22,16385,16385,,test_general,,post-commissioning work,March2019Commissioning
2019-03-22,16386,16386,,test_general,,post-commissioning work,March2019Commissioning
2019-03-22,16387,16387,,test_general,,post-commissioning work,March2019Commissioning
2019-03-22,16388,16388,,test_general,,post-commissioning work,March2019Commissioning
2019-03-22,16389,16389,,test_general,,post-commissioning work,March2019Commissioning
2019-04-09,16390,16390,,test_general,,post-commissioning work,March2019Commissioning
2019-04-09,16391,16391,,test_general,,post-commissioning work,March2019Commissioning
2019-04-09,16392,16392,,test_general,,post-commissioning work,March2019Commissioning
2019-04-09,16393,16393,,test_general,,post-commissioning work,March2019Commissioning
2019-04-09,16394,16394,,test_general,,post-commissioning work,March2019Commissioning
2019-04-09,16395,16395,,test_general,,post-commissioning work,March2019Commissioning
2019-04-09,16396,16396,,test_general,,post-commissioning work,March2019Commissioning
2019-04-09,16397,16397,,test_general,,post-commissioning work,March2019Commissioning
2019-04-09,16398,16398,,test_general,,post-commissioning work,March2019Commissioning
2019-04-09,16399,16399,,test_general,,post-commissioning work,March2019Commissioning
2019-04-09,16400,16400,,test_general,,post-commissioning work,March2019Commissioning
2019-04-09,16401,16401,,test_general,,post-commissioning work,March2019Commissioning
2019-04-09,16402,16402,,test_general,,post-commissioning work,March2019Commissioning
2019-04-09,16403,16403,,test_general,,post-commissioning work,March2019Commissioning
2019-04-09,16404,16404,,test_general,,post-commissioning work,March2019Commissioning
2019-04-09,16405,16405,,test_general,,post-commissioning work,March2019Commissioning
2019-04-09,16406,16406,,test_general,,post-commissioning work,March2019Commissioning
2019-04-09,16407,16407,,test_general,,post-commissioning work,March2019Commissioning
2019-04-09,16408,16408,,test_general,,post-commissioning work,March2019Commissioning
2019-04-09,16409,16409,,test_general,,post-commissioning work,March2019Commissioning
2019-04-09,16410,16410,,test_general,,post-commissioning work,March2019Commissioning
2019-04-09,16411,16411,,test_general,,post-commissioning work,March2019Commissioning
2019-04-09,16412,16412,,test_general,,post-commissioning work,March2019Commissioning
2019-04-09,16413,16413,,test_general,,post-commissioning work,March2019Commissioning
2019-04-09,16414,16414,,test_general,,post-commissioning work,March2019Commissioning
2019-04-12,16415,16415,,test_general,,post-commissioning work,March2019Commissioning
2019-04-12,16416,16416,,test_general,,post-commissioning work,March2019Commissioning
2019-04-12,16417,16417,,test_general,,post-commissioning work,March2019Commissioning
2019-04-12,16418,16418,,test_general,,post-commissioning work,March2019Commissioning
2019-04-12,16419,16419,,test_general,,post-commissioning work,March2019Commissioning
2019-04-16,16420,16420,,test_general,,post-commissioning work,March2019Commissioning
2019-04-16,16421,16421,,test_general,,post-commissioning work,March2019Commissioning
2019-04-16,16422,16422,,test_general,,post-commissioning work,March2019Commissioning
2019-04-16,16423,16423,,test_general,,post-commissioning work,March2019Commissioning
2019-04-17,16424,16424,,test_general,,post-commissioning work,March2019Commissioning
2019-04-17,16425,16425,,test_general,,post-commissioning work,March2019Commissioning
2019-04-17,16426,16426,,test_general,,post-commissioning work,March2019Commissioning
2019-04-17,16427,16427,,test_general,,post-commissioning work,March2019Commissioning
2019-04-17,16428,16428,,test_general,,post-commissioning work,March2019Commissioning
2019-04-17,16429,16429,,test_general,,post-commissioning work,March2019Commissioning
2019-04-17,16430,16430,,test_general,,post-commissioning work,March2019Commissioning
2019-04-17,16431,16431,,test_general,,post-commissioning work,March2019Commissioning
2019-04-17,16432,16432,,test_general,,post-commissioning work,March2019Commissioning
2019-04-17,16433,16433,,test_general,,post-commissioning work,March2019Commissioning
2019-04-17,16434,16434,,test_general,,post-commissioning work,March2019Commissioning
2019-04-17,16435,16435,,test_general,,post-commissioning work,March2019Commissioning
2019-04-17,16436,16436,,test_general,,post-commissioning work,March2019Commissioning
2019-04-17,16437,16437,,test_general,,post-commissioning work,March2019Commissioning
2019-04-18,16438,16438,,test_general,,post-commissioning work,March2019Commissioning
2019-04-18,16439,16439,,test_general,,post-commissioning work,March2019Commissioning
2019-04-18,16440,16440,,test_general,,post-commissioning work,March2019Commissioning
2019-04-18,16441,16441,,test_general,,post-commissioning work,March2019Commissioning
2019-04-18,16442,16442,,test_general,,post-commissioning work,March2019Commissioning
2019-04-18,16443,16443,,test_general,,post-commissioning work,March2019Commissioning
2019-04-18,16444,16444,,test_general,,post-commissioning work,March2019Commissioning
2019-04-18,16445,16445,,test_general,,post-commissioning work,March2019Commissioning
2019-04-18,16448,16448,,test_general,,post-commissioning work,March2019Commissioning
2019-04-18,16449,16449,,test_general,,post-commissioning work,March2019Commissioning
2019-04-18,16450,16450,,test_general,,post-commissioning work,March2019Commissioning
2019-04-18,16451,16451,,test_general,,post-commissioning work,March2019Commissioning
2019-04-18,16452,16452,,test_general,,post-commissioning work,March2019Commissioning
2019-04-19,16453,16453,,test_general,,post-commissioning work,March2019Commissioning
2019-04-19,16454,16454,,test_general,,post-commissioning work,March2019Commissioning
2019-04-19,16455,16455,,test_general,,post-commissioning work,March2019Commissioning
2019-04-19,16456,16456,,test_general,,post-commissioning work,March2019Commissioning
2019-04-19,16457,16457,,test_general,,post-commissioning work,March2019Commissioning
2019-04-19,16458,16458,,test_general,,post-commissioning work,March2019Commissioning
2019-04-19,16459,16459,,test_general,,post-commissioning work,March2019Commissioning
2019-04-21,16461,16461,,test_general,,post-commissioning work,March2019Commissioning
2019-04-21,16462,16462,,test_general,,post-commissioning work,March2019Commissioning
2019-04-21,16463,16463,,test_general,,post-commissioning work,March2019Commissioning
2019-04-21,16464,16464,,test_general,,post-commissioning work,March2019Commissioning
2019-04-21,16465,16465,,test_general,,post-commissioning work,March2019Commissioning
2019-04-21,16466,16466,,test_general,,post-commissioning work,March2019Commissioning
2019-04-21,16467,16467,,test_general,,post-commissioning work,March2019Commissioning
2019-04-21,16468,16468,,test_general,,post-commissioning work,March2019Commissioning
2019-04-21,16469,16469,,test_general,,post-commissioning work,March2019Commissioning
2019-04-21,16470,16470,,test_general,,post-commissioning work,March2019Commissioning
2019-04-21,16471,16471,,test_general,,post-commissioning work,March2019Commissioning
2019-04-21,16472,16472,,test_general,,post-commissioning work,March2019Commissioning
2019-04-22,16473,16473,,test_general,,post-commissioning work,March2019Commissioning
2019-04-22,16474,16474,,test_general,,post-commissioning work,March2019Commissioning
2019-04-22,16475,16475,,test_general,,post-commissioning work,March2019Commissioning
2019-05-03,16476,16476,,test_general,,PREX-II preparation work,
2019-05-03,16477,16477,,test_general,,PREX-II preparation work,
2019-05-03,16478,16478,,test_general,,PREX-II preparation work,
2019-05-03,16479,16479,,test_general,,PREX-II preparation work,
2019-05-03,16480,16480,,test_general,,PREX-II preparation work,
2019-05-03,16481,16481,,test_general,,PREX-II preparation work,
2019-05-03,16483,16483,,test_general,,PREX-II preparation work,
2019-05-03,16484,16484,,test_general,,PREX-II preparation work,
2019-05-03,16485,16485,,test_general,,PREX-II preparation work,
2019-05-03,16486,16486,,test_general,,PREX-II preparation work,
2019-05-06,16487,16487,,test_general,,PREX-II preparation work,
2019-05-06,16488,16488,,test_general,,PREX-II preparation work,
2019-05-06,16490,16490,,test_general,,PREX-II preparation work,
2019-05-06,16491,16491,,test_general,,PREX-II preparation work,
2019-05-06,16492,16492,,test_general,,PREX-II preparation work,
2019-05-06,16493,16493,,test_general,,PREX-II preparation work,
2019-05-06,16494,16494,,test_general,,PREX-II preparation work,
2019-05-06,16495,16495,,test_general,,PREX-II preparation work,
2019-05-06,16496,16496,,test_general,,PREX-II preparation work,
2019-05-06,16497,16497,,test_general,,PREX-II preparation work,
2019-05-06,16498,16498,,test_general,,PREX-II preparation work,
2019-05-06,16501,16501,,test_general,,PREX-II preparation work,
2019-05-06,16502,16502,,test_general,,PREX-II preparation work,
2019-05-06,16503,16503,,test_general,,PREX-II preparation work,
2019-05-06,16510,16510,,test_general,,PREX-II preparation work,
2019-05-10,16525,16525,,test_general,,PREX-II preparation work,
2019-05-10,16526,16526,,test_general,,PREX-II preparation work,
2019-05-12,16542,16542,,test_general,,PREX-II preparation work,
2019-05-12,16543,16543,,test_general,,PREX-II preparation work,
2019-05-12,16544,16544,,test_general,,PREX-II preparation work,
2019-05-12,16545,16545,,test_general,,PREX-II preparation work,
2019-05-13,16546,16546,,test_general,,PREX-II preparation work,
2019-05-13,16547,16547,,test_general,,PREX-II preparation work,
2019-05-13,16548,16548,,test_general,,PREX-II preparation work,
2019-05-13,16551,16551,,test_general,,PREX-II preparation work,
2019-05-13,16552,16552,,test_general,,PREX-II preparation work,
2019-05-14,16553,16553,,test_general,,PREX-II preparation work,
2019-05-14,16554,16554,,test_general,,PREX-II preparation work,
2019-05-14,16559,16559,,test_general,,PREX-II preparation work,
2019-05-14,16560,16560,,test_general,,PREX-II preparation work,
2019-05-14,16561,16561,,test_general,,PREX-II preparation work,
2019-05-16,16562,16562,,test_general,,PREX-II preparation work,
2019-05-16,16563,16563,,test_general,,PREX-II preparation work,
2019-05-24,16572,16572,,test_general,,PREX-II preparation work,
2019-05-24,16573,16573,,test_general,,PREX-II preparation work,
2019-05-24,16579,16579,,test_general,,PREX-II preparation work,
2019-05-29,16582,16582,,test_general,,PREX-II preparation work,
2019-05-31,16586,16586,,test_general,,PREX-II preparation work,
2019-05-31,16590,16590,,test_general,,PREX-II preparation work,
2019-05-31,16592,16592,,test_general,,PREX-II preparation work,
2019-05-31,16593,16593,,test_general,,PREX-II preparation work,
2019-05-31,16594,16594,,test_general,,PREX-II preparation work,
2019-05-31,16595,16595,,test_general,,PREX-II preparation work,
2019-05-31,16596,16596,,test_general,,PREX-II preparation work,
2019-05-31,16597,16597,,test_general,,PREX-II preparation work,
2019-05-31,16598,16598,,test_general,,PREX-II preparation work,
2019-06-01,16599,16599,,test_general,,PREX-II preparation work,
2019-06-01,16600,16600,,test_general,,PREX-II preparation work,
2019-06-01,16601,16601,,test_general,,PREX-II preparation work,
2019-06-01,16602,16602,,test_general,,PREX-II preparation work,
2019-06-01,16603,16603,,test_general,,PREX-II preparation work,
2019-06-01,16604,16604,,test_general,,PREX-II preparation work,
2019-06-01,16605,16605,,test_general,,PREX-II preparation work,
2019-06-01,16606,16606,,test_general,,PREX-II preparation work,
2019-06-10,16607,16607,,test_general,,PREX-II preparation work,
2019-06-11,16608,16608,,test_general,,PREX-II preparation work,
2019-06-11,16609,16609,,test_general,,PREX-II preparation work,
2019-06-11,16610,16610,,test_general,,PREX-II preparation work,
2019-06-11,16611,16611,,test_general,,PREX-II preparation work,
2019-06-11,16612,16612,,test_general,,PREX-II preparation work,
2019-06-11,16613,16613,,test_general,,PREX-II preparation work,
2019-06-11,16614,16614,,test_general,,PREX-II preparation work,
2019-06-11,16615,16615,,test_general,,PREX-II preparation work,
2019-06-11,16616,16616,,test_general,,PREX-II preparation work,
2019-06-11,16617,16617,,test_general,,PREX-II preparation work,
2019-06-11,16618,16618,,test_general,,PREX-II preparation work,
2019-06-11,16619,16619,,test_general,,PREX-II preparation work,
2019-06-11,16620,16620,,test_general,,PREX-II preparation work,
2019-06-11,16621,16621,,test_general,,PREX-II preparation work,
2019-06-11,16622,16622,,test_general,,PREX-II preparation work,
2019-06-11,16623,16623,,test_general,,PREX-II preparation work,
2019-06-11,16624,16624,,test_general,,PREX-II preparation work,
2019-06-11,16625,16625,,test_general,,PREX-II preparation work,
2019-06-11,16626,16626,,test_general,,PREX-II preparation work,
2019-06-13,16627,16627,,test_general,,PREX-II preparation work,
2019-06-13,16628,16628,,test_general,,PREX-II preparation work,
2019-06-13,16629,16629,,test_general,,PREX-II preparation work,
2019-06-13,16630,16630,,test_general,,PREX-II preparation work,
2019-06-13,16631,16631,,test_general,,PREX-II preparation work,
2019-06-13,16632,16632,,test_general,,PREX-II preparation work,
2019-06-13,16633,16633,,test_general,,PREX-II preparation work,
2019-06-13,16634,16634,,test_general,,PREX-II preparation work,
2019-06-13,16635,16635,,test_general,,PREX-II preparation work,
2019-06-13,16636,16636,,test_general,,PREX-II preparation work,
2019-06-13,16638,16638,,test_general,,PREX-II preparation work,
2019-06-13,16639,16639,,test_general,,PREX-II preparation work,
2019-06-13,16640,16640,,test_general,,PREX-II preparation work,
2019-06-13,16641,16641,,test_general,,PREX-II preparation work,
2019-06-13,16642,16642,,test_general,,PREX-II preparation work,
2019-06-14,16643,16643,,test_general,,PREX-II preparation work,
,16644,16644,,test_general,,PREX-II preparation work,
2019-06-14,16645,16645,,test_general,,PREX-II preparation work,
2019-06-14,16646,16646,,test_general,,PREX-II preparation work,
,16647,16647,,test_general,,PREX-II preparation work,
2019-06-17,16648,16648,,test_general,,PREX-II preparation work,
2019-06-17,16649,16649,,test_general,,PREX-II preparation work,
2019-06-17,16650,16650,,test_general,,PREX-II preparation work,
2019-06-17,16651,16651,,test_general,,PREX-II preparation work,
2019-06-20,16652,16652,,test_general,,PREX-II preparation work,
2019-06-20,16653,16653,,test_general,,PREX-II preparation work,
2019-06-25,16654,16654,,test_general,,PREX-II preparation work,
2019-06-25,16655,16655,,test_general,,PREX-II preparation work,
2019-06-26,16656,16656,,test_general,,PREX-II preparation work,
2019-09-08,18424,18424,,pending,,,PREX-II
2019-09-08,18425,18425,,pending,,,PREX-II
2019-09-08,18426,18426,,pending,,,PREX-II
2019-09-08,18427,18427,,pending,,,PREX-II
2019-11-04,18428,18428,,test_general,,CREX preparation work,
2019-11-04,18429,18429,,test_general,,CREX preparation work,
2019-11-04,18430,18430,,test_general,,CREX preparation work,
2019-11-04,18431,18431,,test_general,,CREX preparation work,
2019-11-04,18432,18432,,test_general,,CREX preparation work,
2019-11-04,18433,18433,,test_general,,CREX preparation work,
2019-11-04,18436,18436,,test_general,,CREX preparation work,
2019-11-04,18437,18437,,test_general,,CREX preparation work,
2019-11-04,18441,18441,,test_general,,CREX preparation work,
2019-11-04,18443,18443,,test_general,,CREX preparation work,
2019-11-04,18444,18444,,test_general,,CREX preparation work,
2019-11-04,18448,18448,,test_general,,CREX preparation work,
2019-11-04,18449,18449,,test_general,,CREX preparation work,
2019-11-05,18451,18451,,test_general,,CREX preparation work,
2019-11-05,18452,18452,,test_general,,CREX preparation work,
2019-11-05,18453,18453,,test_general,,CREX preparation work,
2019-11-05,18454,18454,,test_general,,CREX preparation work,
2019-11-05,18455,18455,,test_general,,CREX preparation work,
2019-11-05,18456,18456,,test_general,,CREX preparation work,
2019-11-05,18457,18457,,test_general,,CREX preparation work,
2019-11-05,18458,18458,,test_general,,CREX preparation work,
2019-11-05,18459,18459,,test_general,,CREX preparation work,
2019-11-05,18460,18460,,test_general,,CREX preparation work,
2019-11-05,18461,18461,,test_general,,CREX preparation work,
2019-11-05,18462,18462,,test_general,,CREX preparation work,
2019-11-05,18463,18463,,test_general,,CREX preparation work,
2019-11-05,18464,18464,,test_general,,CREX preparation work,
2019-11-05,18465,18465,,test_general,,CREX preparation work,
2019-11-05,18466,18466,,test_general,,CREX preparation work,
2019-11-05,18467,18467,,test_general,,CREX preparation work,
2019-11-05,18468,18468,,test_general,,CREX preparation work,
2019-11-05,18470,18470,,test_general,,CREX preparation work,
2019-11-05,18471,18471,,test_general,,CREX preparation work,
2019-11-05,18472,18472,,test_general,,CREX preparation work,
2019-11-05,18473,18473,,test_general,,CREX preparation work,
2019-11-05,18474,18474,,test_general,,CREX preparation work,
2019-11-05,18475,18475,,test_general,,CREX preparation work,
2019-11-05,18476,18476,,test_general,,CREX preparation work,
2019-11-05,18477,18477,,test_general,,CREX preparation work,
2019-11-05,18478,18478,,test_general,,CREX preparation work,
2019-11-05,18479,18479,,test_general,,CREX preparation work,
2019-11-05,18480,18480,,test_general,,CREX preparation work,
2019-11-05,18481,18481,,test_general,,CREX preparation work,
2019-11-05,18482,18482,,test_general,,CREX preparation work,
2019-11-05,18483,18483,,test_general,,CREX preparation work,
2019-11-05,18484,18484,,test_general,,CREX preparation work,
2019-11-05,18485,18485,,test_general,,CREX preparation work,
2019-11-05,18486,18486,,test_general,,CREX preparation work,
2019-11-05,18487,18487,,test_general,,CREX preparation work,
2019-11-05,18488,18488,,test_general,,CREX preparation work,
2019-11-05,18489,18489,,test_general,,CREX preparation work,
2019-11-05,18490,18490,,test_general,,CREX preparation work,
2019-11-05,18491,18491,,test_general,,CREX preparation work,
2019-11-05,18492,18492,,test_general,,CREX preparation work,
2019-11-05,18493,18493,,test_general,,CREX preparation work,
2019-11-05,18494,18494,,test_general,,CREX preparation work,
2019-11-05,18495,18495,,test_general,,CREX preparation work,
2019-11-05,18496,18496,,test_general,,CREX preparation work,
2019-11-05,18497,18497,,test_general,,CREX preparation work,
2019-11-05,18498,18498,,test_general,,CREX preparation work,
2019-11-05,18499,18499,,test_general,,CREX preparation work,
2019-11-05,18500,18500,,test_general,,CREX preparation work,
2019-11-05,18501,18501,,test_general,,CREX preparation work,
2019-11-05,18502,18502,,test_general,,CREX preparation work,
2019-11-05,18503,18503,,test_general,,CREX preparation work,
2019-11-05,18504,18504,,test_general,,CREX preparation work,
2019-11-05,18505,18505,,test_general,,CREX preparation work,
2019-11-05,18506,18506,,test_general,,CREX preparation work,
2019-11-05,18507,18507,,test_general,,CREX preparation work,
2019-11-05,18508,18508,,test_general,,CREX preparation work,
2019-11-06,18509,18509,,test_general,,CREX preparation work,
2019-11-06,18510,18510,,test_general,,CREX preparation work,
2019-11-06,18511,18511,,test_general,,CREX preparation work,
2019-11-06,18512,18512,,test_general,,CREX preparation work,
2019-11-06,18513,18513,,test_general,,CREX preparation work,
2019-11-06,18514,18514,,test_general,,CREX preparation work,
2019-11-06,18515,18515,,test_general,,CREX preparation work,
2019-11-06,18516,18516,,test_general,,CREX preparation work,
2019-11-06,18517,18517,,test_general,,CREX preparation work,
2019-11-06,18518,18518,,test_general,,CREX preparation work,
2019-11-06,18519,18519,,test_general,,CREX preparation work,
2019-11-06,18520,18520,,test_general,,CREX preparation work,
2019-11-06,18521,18521,,test_general,,CREX preparation work,
2019-11-06,18522,18522,,test_general,,CREX preparation work,
2019-11-06,18523,18523,,test_general,,CREX preparation work,
2019-11-06,18524,18524,,test_general,,CREX preparation work,
2019-11-06,18525,18525,,test_general,,CREX preparation work,
2019-11-06,18526,18526,,test_general,,CREX preparation work,
2019-11-06,18527,18527,,test_general,,CREX preparation work,
2019-11-06,18528,18528,,test_general,,CREX preparation work,
2019-11-06,18529,18529,,test_general,,CREX preparation work,
2019-11-07,18530,18530,,test_general,,CREX preparation work,
2019-11-07,18531,18531,,test_general,,CREX preparation work,
2019-11-07,18532,18532,,test_general,,CREX preparation work,
2019-11-07,18533,18533,,test_general,,CREX preparation work,
2019-11-07,18534,18534,,test_general,,CREX preparation work,
2019-11-07,18535,18535,,test_general,,CREX preparation work,
2019-11-07,18536,18536,,test_general,,CREX preparation work,
2019-11-07,18537,18537,,test_general,,CREX preparation work,
2019-11-07,18538,18538,,test_general,,CREX preparation work,
2019-11-07,18539,18539,,test_general,,CREX preparation work,
2019-11-07,18540,18540,,test_general,,CREX preparation work,
2019-11-07,18541,18541,,test_general,,CREX preparation work,
2019-11-07,18542,18542,,test_general,,CREX preparation work,
2019-11-07,18543,18543,,test_general,,CREX preparation work,
2019-11-07,18544,18544,,test_general,,CREX preparation work,
2019-11-07,18545,18545,,test_general,,CREX preparation work,
2019-11-07,18546,18546,,test_general,,CREX preparation work,
2019-11-07,18547,18547,,test_general,,CREX preparation work,
2019-11-07,18548,18548,,test_general,,CREX preparation work,
2019-11-07,18549,18549,,test_general,,CREX preparation work,
2019-11-07,18550,18550,,test_general,,CREX preparation work,
2019-11-07,18551,18551,,test_general,,CREX preparation work,
2019-11-07,18552,18552,,test_general,,CREX preparation work,
2019-11-07,18553,18553,,test_general,,CREX preparation work,
2019-11-07,18554,18554,,test_general,,CREX preparation work,
2019-11-07,18555,18555,,test_general,,CREX preparation work,
2019-11-07,18556,18556,,test_general,,CREX preparation work,
2019-11-07,18557,18557,,test_general,,CREX preparation work,
2019-11-07,18559,18559,,test_general,,CREX preparation work,
2019-11-07,18560,18560,,test_general,,CREX preparation work,
2019-11-07,18561,18561,,test_general,,CREX preparation work,
2019-11-07,18562,18562,,test_general,,CREX preparation work,
2019-11-07,18563,18563,,test_general,,CREX preparation work,
2019-11-07,18564,18564,,test_general,,CREX preparation work,
2019-11-07,18565,18565,,test_general,,CREX preparation work,
2019-11-07,18566,18566,,test_general,,CREX preparation work,
2019-11-07,18567,18567,,test_general,,CREX preparation work,
2019-11-07,18568,18568,,test_general,,CREX preparation work,
2019-11-07,18569,18569,,test_general,,CREX preparation work,
2019-11-07,18570,18570,,test_general,,CREX preparation work,
2019-11-07,18571,18571,,test_general,,CREX preparation work,
2019-11-07,18572,18572,,test_general,,CREX preparation work,
2019-11-07,18573,18573,,test_general,,CREX preparation work,
2019-11-07,18574,18574,,test_general,,CREX preparation work,
2019-11-07,18575,18575,,test_general,,CREX preparation work,
2019-11-07,18576,18576,,test_general,,CREX preparation work,
2019-11-07,18577,18577,,test_general,,CREX preparation work,
2019-11-07,18578,18578,,test_general,,CREX preparation work,
2019-11-08,18579,18579,,test_general,,CREX preparation work,
2019-11-08,18580,18580,,test_general,,CREX preparation work,
2019-11-08,18581,18581,,test_general,,CREX preparation work,
2019-11-08,18582,18582,,test_general,,CREX preparation work,
2019-11-08,18583,18583,,test_general,,CREX preparation work,
2019-11-08,18584,18584,,test_general,,CREX preparation work,
2019-11-08,18585,18585,,test_general,,CREX preparation work,
2019-11-09,18604,18604,,test_general,,CREX preparation work,
2019-11-09,18608,18608,,test_general,,CREX preparation work,
2019-11-09,18609,18609,,test_general,,CREX preparation work,
2019-11-09,18610,18610,,test_general,,CREX preparation work,
2019-11-09,18611,18611,,test_general,,CREX preparation work,
2019-11-09,18612,18612,,test_general,,CREX preparation work,
2019-11-09,18613,18613,,test_general,,CREX preparation work,
2019-11-09,18614,18614,,test_general,,CREX preparation work,
2019-11-09,18615,18615,,test_general,,CREX preparation work,
2019-11-09,18616,18616,,test_general,,CREX preparation work,
2019-11-09,18617,18617,,test_general,,CREX preparation work,
2019-11-09,18618,18618,,test_general,,CREX preparation work,
2019-11-09,18619,18619,,test_general,,CREX preparation work,
2019-11-09,18620,18620,,test_general,,CREX preparation work,
2019-11-09,18621,18621,,test_general,,CREX preparation work,
2019-11-09,18622,18622,,test_general,,CREX preparation work,
2019-11-09,18623,18623,,test_general,,CREX preparation work,
2019-11-09,18624,18624,,test_general,,CREX preparation work,
2019-11-09,18625,18625,,test_general,,CREX preparation work,
2019-11-09,18626,18626,,test_general,,CREX preparation work,
2019-11-10,18627,18627,,test_general,,CREX preparation work,
2019-11-10,18628,18628,,test_general,,CREX preparation work,
2019-11-10,18629,18629,,test_general,,CREX preparation work,
2019-11-10,18630,18630,,test_general,,CREX preparation work,
2019-11-10,18631,18631,,test_general,,CREX preparation work,
2019-11-10,18632,18632,,test_general,,CREX preparation work,
2019-11-10,18633,18633,,test_general,,CREX preparation work,
2019-11-11,18634,18634,,test_general,,CREX preparation work,
2019-11-11,18635,18635,,test_general,,CREX preparation work,
2019-11-11,18636,18636,,test_general,,CREX preparation work,
2019-11-12,18637,18637,,test_general,,CREX preparation work,
2019-11-12,18638,18638,,test_general,,CREX preparation work,
2019-11-12,18639,18639,,test_general,,CREX preparation work,
2019-11-12,18640,18640,,test_general,,CREX preparation work,
2019-11-12,18641,18641,,test_general,,CREX preparation work,
2019-11-13,18642,18642,,test_general,,CREX preparation work,
2019-11-13,18643,18643,,test_general,,CREX preparation work,
2019-11-13,18644,18644,,test_general,,CREX preparation work,
2019-11-13,18645,18645,,test_general,,CREX preparation work,
2019-11-15,18646,18646,,test_general,,CREX preparation work,
2019-11-15,18647,18647,,test_general,,CREX preparation work,
2019-11-15,18648,18648,,test_general,,CREX preparation work,
2019-11-15,18649,18649,,test_general,,CREX preparation work,
2019-11-15,18650,18650,,test_general,,CREX preparation work,
2019-11-15,18651,18651,,test_general,,CREX preparation work,
2019-11-20,18652,18652,,test_general,,CREX preparation work,
2019-11-20,18653,18653,,test_general,,CREX preparation work,
2019-11-21,18654,18654,,test_general,,CREX preparation work,
2019-11-21,18655,18655,,test_general,,CREX preparation work,
2019-11-21,18656,18656,,test_general,,CREX preparation work,
2019-11-21,18657,18657,,test_general,,CREX preparation work,
2019-11-21,18658,18658,,test_general,,CREX preparation work,
2019-11-21,18659,18659,,test_general,,CREX preparation work,
2019-11-21,18660,18660,,test_general,,CREX preparation work,
2019-11-21,18661,18661,,test_general,,CREX preparation work,
2019-11-21,18662,18662,,test_general,,CREX preparation work,
2019-11-21,18663,18663,,test_general,,CREX preparation work,
2019-11-21,18664,18664,,test_general,,CREX preparation work,
2019-11-21,18665,18665,,test_general,,CREX preparation work,
2019-11-21,18666,18666,,test_general,,CREX preparation work,
2019-11-21,18667,18667,,test_general,,CREX preparation work,
2019-11-21,18668,18668,,test_general,,CREX preparation work,
2019-11-21,18669,18669,,test_general,,CREX preparation work,
2019-11-21,18670,18670,,test_general,,CREX preparation work,
2019-11-21,18671,18671,,test_general,,CREX preparation work,
2019-11-21,18672,18672,,test_general,,CREX preparation work,
2019-11-21,18673,18673,,test_general,,CREX preparation work,
2019-11-21,18674,18674,,test_general,,CREX preparation work,
2019-11-21,18675,18675,,test_general,,CREX preparation work,
2019-11-21,18677,18677,,test_general,,CREX preparation work,
2019-11-21,18679,18679,,test_general,,CREX preparation work,
2019-11-21,18680,18680,,test_general,,CREX preparation work,
2019-11-21,18681,18681,,test_general,,CREX preparation work,
2019-11-21,18682,18682,,test_general,,CREX preparation work,
2019-11-21,18683,18683,,test_general,,CREX preparation work,
2019-11-21,18684,18684,,test_general,,CREX preparation work,
2019-11-21,18685,18685,,test_general,,CREX preparation work,
2019-11-21,18686,18686,,test_general,,CREX preparation work,
2019-11-21,18687,18687,,test_general,,CREX preparation work,
2019-11-21,18688,18688,,test_general,,CREX preparation work,
2019-11-21,18689,18689,,test_general,,CREX preparation work,
2019-11-21,18690,18690,,test_general,,CREX preparation work,
2019-11-21,18691,18691,,test_general,,CREX preparation work,
2019-11-21,18692,18692,,test_general,,CREX preparation work,
2019-11-21,18693,18693,,test_general,,CREX preparation work,
2019-11-21,18694,18694,,test_general,,CREX preparation work,
2019-11-21,18695,18695,,test_general,,CREX preparation work,
2019-11-21,18696,18696,,test_general,,CREX preparation work,
2019-11-21,18697,18697,,test_general,,CREX preparation work,
2019-11-21,18698,18698,,test_general,,CREX preparation work,
2019-11-21,18699,18699,,test_general,,CREX preparation work,
2019-11-21,18700,18700,,test_general,,CREX preparation work,
2019-11-22,18701,18701,,test_general,,CREX preparation work,
2019-11-22,18702,18702,,test_general,,CREX preparation work,
2019-11-22,18703,18703,,test_general,,CREX preparation work,
2019-11-22,18704,18704,,test_general,,CREX preparation work,
2019-11-22,18705,18705,,test_general,,CREX preparation work,
2019-11-22,18706,18706,,test_general,,CREX preparation work,
2019-11-22,18707,18707,,test_general,,CREX preparation work,
2019-11-22,18708,18708,,test_general,,CREX preparation work,
2019-11-22,18709,18709,,test_general,,CREX preparation work,
2019-11-22,18710,18710,,test_general,,CREX preparation work,
2019-11-25,18711,18711,,test_general,,CREX preparation work,
2019-11-25,18712,18712,,test_general,,CREX preparation work,
2019-11-25,18713,18713,,test_general,,CREX preparation work,
2019-11-25,18714,18714,,test_general,,CREX preparation work,
2019-11-25,18715,18715,,test_general,,CREX preparation work,
2019-11-25,18716,18716,,test_general,,CREX preparation work,
2019-11-25,18717,18717,,test_general,,CREX preparation work,
2019-11-25,18718,18718,,test_general,,CREX preparation work,
2019-11-25,18719,18719,,test_general,,CREX preparation work,
2019-11-25,18720,18720,,test_general,,CREX preparation work,
2019-11-25,18721,18721,,test_general,,CREX preparation work,
2019-11-25,18722,18722,,test_general,,CREX preparation work,
2019-11-25,18723,18723,,test_general,,CREX preparation work,
2019-11-25,18724,18724,,test_general,,CREX preparation work,
2019-11-25,18725,18725,,test_general,,CREX preparation work,
2019-11-25,18726,18726,,test_general,,CREX preparation work,
2019-11-26,18727,18727,,test_general,,CREX preparation work,
2019-11-26,18728,18728,,test_general,,CREX preparation work,
2019-11-26,18729,18729,,test_general,,CREX preparation work,
2019-11-26,18730,18730,,test_general,,CREX preparation work,
2019-11-26,18731,18731,,test_general,,CREX preparation work,
2019-11-26,18732,18732,,test_general,,CREX preparation work,
2019-11-26,18733,18733,,test_general,,CREX preparation work,
2019-11-26,18734,18734,,test_general,,CREX preparation work,
2019-11-26,18735,18735,,test_general,,CREX preparation work,
2019-11-26,18736,18736,,test_general,,CREX preparation work,
2019-11-26,18737,18737,,test_general,,CREX preparation work,
2019-11-26,18738,18738,,test_general,,CREX preparation work,
2019-11-26,18739,18739,,test_general,,CREX preparation work,
2019-11-26,18740,18740,,test_general,,CREX preparation work,
2019-11-26,18741,18741,,test_general,,CREX preparation work,
2019-11-26,18742,18742,,test_general,,CREX preparation work,
2019-11-26,18743,18743,,test_general,,CREX preparation work,
2019-11-26,18744,18744,,test_general,,CREX preparation work,
2019-11-26,18745,18745,,test_general,,CREX preparation work,
2019-11-26,18746,18746,,test_general,,CREX preparation work,
2019-11-26,18747,18747,,test_general,,CREX preparation work,
2019-11-26,18748,18748,,test_general,,CREX preparation work,
2019-11-26,18749,18749,,test_general,,CREX preparation work,
2019-11-26,18750,18750,,test_general,,CREX preparation work,
2019-11-26,18751,18751,,test_general,,CREX preparation work,
2019-11-26,18752,18752,,test_general,,CREX preparation work,
2019-11-26,18753,18753,,test_general,,CREX preparation work,
2019-11-26,18754,18754,,test_general,,CREX preparation work,
2019-11-26,18755,18755,,test_general,,CREX preparation work,
2019-11-26,18756,18756,,test_general,,CREX preparation work,
2019-11-27,18757,18757,,test_general,,CREX preparation work,
2019-11-27,18758,18758,,test_general,,CREX preparation work,
2019-11-27,18759,18759,,test_general,,CREX preparation work,
2019-11-27,18760,18760,,test_general,,CREX preparation work,
2019-11-27,18761,18761,,test_general,,CREX preparation work,
2019-11-27,18762,18762,,test_general,,CREX preparation work,
2019-11-27,18763,18763,,test_general,,CREX preparation work,
2019-11-27,18764,18764,,test_general,,CREX preparation work,
2019-11-27,18765,18765,,test_general,,CREX preparation work,
2019-11-27,18766,18766,,test_general,,CREX preparation work,
2019-11-27,18767,18767,,test_general,,CREX preparation work,
2019-11-27,18768,18768,,test_general,,CREX preparation work,
2019-11-27,18769,18769,,test_general,,CREX preparation work,
2019-11-27,18770,18770,,test_general,,CREX preparation work,
2019-11-27,18771,18771,,test_general,,CREX preparation work,
2019-11-29,18772,18772,,test_general,,CREX preparation work,
2019-11-29,18773,18773,,test_general,,CREX preparation work,
2019-11-29,18774,18774,,test_general,,CREX preparation work,
2019-11-29,18775,18775,,test_general,,CREX preparation work,
2019-11-29,18776,18776,,test_general,,CREX preparation work,
2019-11-29,18777,18777,,test_general,,CREX preparation work,
2019-11-29,18778,18778,,test_general,,CREX preparation work,
2019-11-29,18779,18779,,test_general,,CREX preparation work,
2019-11-29,18780,18780,,test_general,,CREX preparation work,
2019-11-30,18781,18781,,test_general,,CREX preparation work,
2019-11-30,18782,18782,,test_general,,CREX preparation work,
2019-11-30,18783,18783,,test_general,,CREX preparation work,
2019-11-30,18784,18784,,test_general,,CREX preparation work,
2019-11-30,18785,18785,,test_general,,CREX preparation work,
2019-11-30,18786,18786,,test_general,,CREX preparation work,
2019-12-01,18787,18787,,test_general,,,CREX
2019-12-01,18788,18788,,test_general,,,CREX
2019-12-01,18789,18789,,test_general,,,CREX
2019-12-01,18790,18790,,test_general,,,CREX
2019-12-01,18791,18791,,test_general,,,CREX
2019-12-01,18792,18792,,setup_bcm_gains,,,CREX
2019-12-01,18793,18793,,setup_bcm_gains,,,CREX
2019-12-01,18794,18794,,setup_bcm_gains,,,CREX
2019-12-01,18795,18795,,setup_hv_tune,,,CREX
2019-12-01,18796,18796,,setup_hv_tune,,,CREX
2019-12-01,18797,18797,,setup_hv_tune,,,CREX
2019-12-01,18798,18798,,setup_hv_tune,,,CREX
2019-12-01,18799,18799,,setup_hv_tune,,,CREX
2019-12-01,18800,18800,,setup_hv_tune,,,CREX
2019-12-01,18801,18801,,setup_threshhold_scan,,,CREX
2019-12-01,18802,18802,,setup_threshhold_scan,,,CREX
2019-12-01,18803,18803,,setup_threshhold_scan,,,CREX
2019-12-01,18804,18804,,setup_threshhold_scan,,,CREX
2019-12-01,18805,18805,,setup_threshhold_scan,,,CREX
2019-12-01,18806,18806,,setup_threshhold_scan,,,CREX
2019-12-01,18807,18807,,setup_threshhold_scan,,,CREX
2019-12-01,18808,18808,,setup_threshhold_scan,,,CREX
2019-12-01,18809,18809,,setup_threshhold_scan,,,CREX
2019-12-01,18810,18810,,setup_threshhold_scan,,,CREX
2019-12-01,18811,18811,,setup_threshhold_scan,,,CREX
2019-12-01,18812,18812,,setup_threshhold_scan,,,CREX
2019-12-01,18813,18813,,test_general,,,CREX
2019-12-01,18845,18845,,test_general,,,CREX
2019-12-01,18846,18846,,test_general,,,CREX
2019-12-06,18889,18889,,test_general,,testing junk,
2019-12-09,18890,18890,,test_general,,testing junk,
2019-12-09,18891,18891,,test_general,,testing junk,
2019-12-09,18892,18892,,test_general,,testing junk,
2019-12-11,18893,18893,,test_general,,testing junk,
2019-12-11,18894,18894,,test_general,,testing junk,
2019-12-11,18895,18895,,test_general,,testing junk,
2019-12-11,18896,18896,,test_general,,testing junk,
2019-12-12,18897,18897,,test_general,,testing junk,
2020-01-02,18898,18898,,test_general,,testing,
2020-01-02,18899,18899,,test_general,,testing,
2020-01-02,18900,18900,,test_general,,testing,
2020-01-02,18901,18901,,test_general,,testing,
2020-01-03,18902,18902,,test_general,,testing,
2020-01-03,18903,18903,,test_general,,testing,
2020-01-03,18904,18904,,test_general,,testing,
2020-01-03,18905,18905,,test_general,,testing,
2020-01-03,18906,18906,,test_general,,testing,
2020-01-03,18907,18907,,test_general,,testing,
2020-01-06,18908,18908,,test_general,,testing,
2020-01-06,18909,18909,,test_general,,testing,
